0	start llc
1	install retropie
2	spark date
3	mtg mechani
4	microsoft lifespan
5	james timothy
6	honey badger
7	city wine
8	avg showing
9	private interne
10	white quick
11	german euro
12	googlec httpsminecraft
13	vincent halo
14	save photos
15	eyes spy
16	acrylic drums
17	take oil
18	gmail wwwdiscovercardcom
19	gmai gma
20	terence young
21	lifespan giraffe
22	css flex
23	marion bla
24	family business
25	social security
26	fruit compa
27	local news
28	anchora trh
29	jobs michigan
30	youtu yout
31	university wisconsin
32	human resources
33	miata tops
34	hond tyota
35	caitlyn scali
36	messagesdominosdraftsfor educationsent
37	animal hospital
38	huntington iberia
39	yahoocom telus
40	impossible quiz
41	gmail wwwdiscovercardcom
42	boys pee
43	lewth educationsent
44	kiln runescape
45	2008 four
46	boy little
47	charm person
48	carrie eddie
49	comfort leather
50	beachbody yoga
51	officecom set
52	sucking tongue
53	russian f35
54	calories company
55	alison nake
56	line retro
57	spark date
58	goog googl
59	ohio country
60	google add
61	best worlds
62	best worlds
63	setup wifi
64	phoenix flights
65	min power
66	college chabot
67	springfield missouri
68	parkinsons balance
69	jose adult
70	best worlds
71	day canada
72	cheap easy
73	giraffe lifespan
74	things make
75	used ernest
76	lesbian cumshots
77	www google
78	computer settings
79	home monticello
80	ready workspace
81	gulfcoast weath
82	oneplus camera
83	iphone oneplus
84	one oneplus
85	sean timothy
86	statistical regression
87	briggs electric
88	www google
89	pathfinder red
90	united raleigh
91	fields knotty
92	sony outer
93	dog big
94	doge trus
95	interstate 915
96	xbox mkp
97	www google
98	canterbu bloomi
99	car often
100	dialing 112
101	display month
102	ddp beachbody
103	paul pioneer
104	frui drin
105	june birthdays
106	pamela anderson
107	part worlds
108	robert lsu
109	diy insect
110	crocheted face
111	laqui petersbu
112	cactus clipar
113	hot tumblr
114	pipe equipment
115	catholic charities
116	santa standard
117	group stockbridge
118	www logi
119	compressor home
120	wednesday draw
121	spiral crochet
122	personality making
123	vrb builoxi
124	amazing dave
125	four 2008
126	last allen
127	scottsdale city
128	bing wallpap
129	perfect neck
130	converting paypa
131	sandisk flash
132	drinking water
133	descuidos madrastra
134	sioux fair
135	americas got
136	emplo best
137	michigan wine
138	dog big
139	seattle boise
140	megyn kelly
141	designe desig
142	advertising palm
143	www logi
144	world oops
145	vincent halo
